Day,Weekday,Bets,Losses,Earnings,Win/Loss,Running Total
11/1/2023,Wednesday,"$3,280","-$3,630",-$88,0,-$88
11/2/2023,Thursday,$433,$0,$108,1,$21
11/3/2023,Friday,"$1,664",-$420,$311,1,$332
11/4/2023,Saturday,"$2,864","-$6,420",-$889,0,-$557
11/5/2023,Sunday,$239,$0,$60,1,-$498
11/6/2023,Monday,$335,$0,$84,1,-$414
11/7/2023,Tuesday,"$1,868",$0,$467,1,$53
11/8/2023,Wednesday,"$4,815","-$8,280",-$866,0,-$813
11/9/2023,Thursday,$524,$0,$131,1,-$682
11/10/2023,Friday,"$2,072","-$2,848",-$194,0,-$876
11/11/2023,Saturday,"$6,056","-$1,750","$1,077",1,$200
11/12/2023,Sunday,$325,$0,$81,1,$282
11/13/2023,Monday,$770,$0,$193,1,$474
11/14/2023,Tuesday,"$2,335","-$2,130",$51,1,$525
11/15/2023,Wednesday,"$4,585","-$2,520",$516,1,"$1,042"
11/16/2023,Thursday,$885,-$450,$109,1,"$1,150"
11/17/2023,Friday,"$2,910","-$5,670",-$690,0,$460
11/18/2023,Saturday,"$4,919","-$15,600","-$2,670",0,"-$2,210"
11/19/2023,Sunday,$383,"-$2,240",-$464,0,"-$2,674"
11/20/2023,Monday,$775,$0,$194,1,"-$2,481"
11/21/2023,Tuesday,"$2,699",$0,$675,1,"-$1,806"
11/22/2023,Wednesday,"$4,050","-$2,500",$388,1,"-$1,418"
11/23/2023,Thursday,"$1,118",$0,$280,1,"-$1,139"
11/24/2023,Friday,"$3,052","-$3,860",-$202,0,"-$1,341"
11/25/2023,Saturday,"$5,471","-$4,800",$168,1,"-$1,173"
11/26/2023,Sunday,$863,-$900,-$9,0,"-$1,182"
11/27/2023,Monday,"$1,406","-$2,900",-$374,0,"-$1,556"
11/28/2023,Tuesday,"$3,945",$0,$986,1,-$570
11/29/2023,Wednesday,"$4,344","-$8,630","-$1,072",0,"-$1,641"
11/30/2023,Thursday,$951,"-$1,350",-$100,0,"-$1,741"
12/1/2023,Friday,"$2,945","-$3,870",-$231,0,"-$1,972"
12/2/2023,Saturday,"$5,244",-$500,"$1,186",1,-$786
12/3/2023,Sunday,$532,$0,$133,1,-$653
12/4/2023,Monday,$515,$0,$129,1,-$524
12/5/2023,Tuesday,"$2,478","-$2,340",$35,1,-$490
12/6/2023,Wednesday,"$4,589",-$210,"$1,095",1,$605
12/7/2023,Thursday,$531,$0,$133,1,$737
12/8/2023,Friday,"$2,226",$0,$557,1,"$1,294"
12/9/2023,Saturday,"$4,500",$0,"$1,125",1,"$2,419"
12/10/2023,Sunday,$755,"-$1,200",-$111,0,"$2,308"
12/11/2023,Monday,"$1,014","-$1,350",-$84,0,"$2,224"
12/12/2023,Tuesday,"$2,869",-$840,$507,1,"$2,731"
12/13/2023,Wednesday,"$4,167","-$1,680",$622,1,"$3,353"
12/14/2023,Thursday,$593,$0,$148,1,"$3,501"
12/15/2023,Friday,"$3,216","-$6,170",-$739,0,"$2,762"
12/16/2023,Saturday,"$5,874",$0,"$1,469",1,"$4,231"
12/17/2023,Sunday,$886,$0,$222,1,"$4,452"
12/18/2023,Monday,"$1,303",$0,$326,1,"$4,778"
12/19/2023,Tuesday,"$2,420",$0,$605,1,"$5,383"
12/20/2023,Wednesday,"$3,819",-$840,$745,1,"$6,128"
12/21/2023,Thursday,"$1,352","-$1,800",-$112,0,"$6,016"
12/22/2023,Friday,"$3,971","-$3,780",$48,1,"$6,064"
12/23/2023,Saturday,"$4,936",$0,"$1,234",1,"$7,298"
12/24/2023,Sunday,$849,-$300,$137,1,"$7,435"
12/25/2023,Monday,$480,-$450,$8,1,"$7,442"
12/26/2023,Tuesday,"$2,876","-$3,990",-$279,0,"$7,164"
12/27/2023,Wednesday,"$4,242","-$3,570",$168,1,"$7,332"
12/28/2023,Thursday,$846,$0,$212,1,"$7,543"
12/29/2023,Friday,"$2,622","-$6,200",-$895,0,"$6,649"
12/30/2023,Saturday,"$5,429","-$7,460",-$508,0,"$6,141"
12/31/2023,Sunday,$646,$0,$162,1,"$6,303"
1/1/2024,Monday,"$1,062",$0,$266,1,"$6,568"
1/2/2024,Tuesday,"$2,695","-$4,200",-$376,0,"$6,192"
1/3/2024,Wednesday,"$6,965","-$10,500",-$884,0,"$5,308"
1/4/2024,Thursday,$443,$0,$111,1,"$5,419"
1/5/2024,Friday,"$2,444","-$1,130",$329,1,"$5,747"
1/6/2024,Saturday,"$7,081","-$8,850",-$442,0,"$5,305"
1/7/2024,Sunday,$215,"-$1,500",-$321,0,"$4,984"
1/8/2024,Monday,$332,$0,$83,1,"$5,067"
1/9/2024,Tuesday,"$2,287","-$4,200",-$478,0,"$4,589"
1/10/2024,Wednesday,"$6,874","-$3,140",$934,1,"$5,522"
1/11/2024,Thursday,$868,$0,$217,1,"$5,739"
1/12/2024,Friday,"$3,420","-$4,200",-$195,0,"$5,544"
1/13/2024,Saturday,"$6,673","-$1,680","$1,248",1,"$6,792"
1/14/2024,Sunday,$408,$0,$102,1,"$6,894"
1/15/2024,Monday,$472,$0,$118,1,"$7,012"
1/16/2024,Tuesday,"$3,133","-$1,680",$363,1,"$7,376"
1/17/2024,Wednesday,"$7,479","-$18,740","-$2,815",0,"$4,560"
1/18/2024,Thursday,$950,$0,$238,1,"$4,798"
1/19/2024,Friday,"$3,311","-$3,360",-$12,0,"$4,786"
1/20/2024,Saturday,"$8,955","-$5,510",$861,1,"$5,647"
1/21/2024,Sunday,$732,$0,$183,1,"$5,830"
1/22/2024,Monday,$535,$0,$134,1,"$5,964"
1/23/2024,Tuesday,"$2,285",$0,$571,1,"$6,535"
1/24/2024,Wednesday,"$7,890","-$1,320","$1,643",1,"$8,177"
1/25/2024,Thursday,"$1,064",$0,$266,1,"$8,443"
1/26/2024,Friday,"$3,572","-$3,860",-$72,0,"$8,371"
1/27/2024,Saturday,"$9,361","-$22,050","-$3,172",0,"$5,199"
1/28/2024,Sunday,$791,"-$1,800",-$252,0,"$4,947"
1/29/2024,Monday,"$1,301",$0,$325,1,"$5,272"
1/30/2024,Tuesday,"$3,755","-$3,810",-$14,0,"$5,258"
1/31/2024,Wednesday,"$8,994","-$11,300",-$577,0,"$4,682"
2/1/2024,Thursday,"$1,975",$0,$494,1,"$5,175"
2/2/2024,Friday,"$2,861","-$1,250",$403,1,"$5,578"
2/3/2024,Saturday,"$8,054","-$5,210",$711,1,"$6,289"
2/4/2024,Sunday,$740,$0,$185,1,"$6,474"
2/5/2024,Monday,"$1,432",$0,$358,1,"$6,832"
2/6/2024,Tuesday,"$2,622","-$3,045",-$106,0,"$6,727"
2/7/2024,Wednesday,"$5,402","-$4,900",$126,1,"$6,852"
2/8/2024,Thursday,$878,-$180,$175,1,"$7,027"
2/9/2024,Friday,"$3,357","-$1,260",$524,1,"$7,551"
2/10/2024,Saturday,"$8,490","-$3,540","$1,238",1,"$8,788"
2/11/2024,Sunday,$280,$0,$70,1,"$8,858"
2/12/2024,Monday,"$1,401","-$1,950",-$137,0,"$8,721"
2/13/2024,Tuesday,"$2,910",-$420,$623,1,"$9,344"
2/14/2024,Wednesday,"$8,065","-$11,040",-$744,0,"$8,600"
2/15/2024,Thursday,"$1,932","-$1,200",$183,1,"$8,783"
2/16/2024,Friday,"$3,660","-$2,940",$180,1,"$8,963"
2/17/2024,Saturday,"$9,381","-$2,800","$1,645",1,"$10,608"
2/18/2024,Sunday,"$1,098","-$6,400","-$1,326",0,"$9,283"
2/19/2024,Monday,"$1,630",$0,$408,1,"$9,690"
2/20/2024,Tuesday,"$2,700","-$5,300",-$650,0,"$9,040"
2/21/2024,Wednesday,"$8,167","-$4,910",$814,1,"$9,854"
2/22/2024,Thursday,"$1,121",$0,$280,1,"$10,135"
2/23/2024,Friday,"$2,430","-$2,940",-$128,0,"$10,007"
2/24/2024,Saturday,"$8,173","-$2,940","$1,308",1,"$11,315"
2/25/2024,Sunday,$856,-$291,$141,1,"$11,457"
2/26/2024,Monday,$883,$0,$221,1,"$11,677"
2/27/2024,Tuesday,"$3,387","-$1,260",$532,1,"$12,209"
2/28/2024,Wednesday,"$7,811","-$6,550",$315,1,"$12,524"
2/29/2024,Thursday,"$1,397","-$1,200",$49,1,"$12,573"
3/1/2024,Friday,"$2,581","-$2,100",$120,1,"$12,693"
3/2/2024,Saturday,"$9,014","-$7,190",$456,1,"$13,149"
3/3/2024,Sunday,"$1,459",$0,$365,1,"$13,514"
3/4/2024,Monday,"$1,184",$0,$296,1,"$13,810"
3/5/2024,Tuesday,"$3,098","-$4,510",-$353,0,"$13,457"
3/6/2024,Wednesday,"$7,720","-$3,190","$1,133",1,"$14,590"
3/7/2024,Thursday,"$1,385","-$1,200",$46,1,"$14,636"
3/8/2024,Friday,"$3,379","-$5,470",-$523,0,"$14,113"
3/9/2024,Saturday,"$8,732","-$7,290",$361,1,"$14,474"
3/10/2024,Sunday,"$1,401",-$450,$238,1,"$14,711"
3/11/2024,Monday,"$1,624","-$1,500",$31,1,"$14,742"
3/12/2024,Tuesday,"$3,187","-$2,070",$279,1,"$15,022"
3/13/2024,Wednesday,"$7,695","-$3,830",$966,1,"$15,988"
3/14/2024,Thursday,"$1,605","-$2,250",-$161,0,"$15,827"
3/15/2024,Friday,"$3,734","-$5,820",-$522,0,"$15,305"
3/16/2024,Saturday,"$8,518","-$2,160","$1,590",1,"$16,895"
3/17/2024,Sunday,"$1,208","-$3,930",-$681,0,"$16,214"
3/18/2024,Monday,"$1,704",-$450,$314,1,"$16,528"
3/19/2024,Tuesday,"$2,933","-$2,970",-$9,0,"$16,518"
3/20/2024,Wednesday,"$7,243","-$14,320","-$1,769",0,"$14,749"
3/21/2024,Thursday,"$1,452","-$1,200",$63,1,"$14,812"
3/22/2024,Friday,"$3,334","-$1,830",$376,1,"$15,188"
3/23/2024,Saturday,"$7,873","-$3,140","$1,183",1,"$16,371"
3/24/2024,Sunday,$673,"-$6,750","-$1,519",0,"$14,852"
3/25/2024,Monday,"$1,081",$0,$270,1,"$15,122"
3/26/2024,Tuesday,"$3,050","-$4,400",-$338,0,"$14,785"
3/27/2024,Wednesday,"$7,992","-$2,940","$1,263",1,"$16,048"
3/28/2024,Thursday,"$1,544","-$1,500",$11,1,"$16,059"
3/29/2024,Friday,"$4,190","-$1,890",$575,1,"$16,634"
3/30/2024,Saturday,"$8,550","-$5,350",$800,1,"$17,434"
3/31/2024,Sunday,"$1,160",-$300,$215,1,"$17,649"
4/1/2024,Monday,$666,$0,$167,1,"$17,815"
4/2/2024,Tuesday,"$2,532","-$3,240",-$177,0,"$17,638"
4/3/2024,Wednesday,"$6,987",-$300,"$1,672",1,"$19,310"
4/4/2024,Thursday,"$1,450","-$1,350",$25,1,"$19,335"
4/5/2024,Friday,"$3,342","-$2,940",$101,1,"$19,435"
4/6/2024,Saturday,"$6,825","-$2,940",$971,1,"$20,407"
4/7/2024,Sunday,$657,$0,$164,1,"$20,571"
4/8/2024,Monday,$982,$0,$245,1,"$20,816"
4/9/2024,Tuesday,"$2,923","-$1,410",$378,1,"$21,195"
4/10/2024,Wednesday,"$6,012",-$420,"$1,398",1,"$22,593"
4/11/2024,Thursday,$831,$0,$208,1,"$22,800"
4/12/2024,Friday,"$3,194","-$3,090",$26,1,"$22,826"
4/13/2024,Saturday,"$7,442","-$11,180",-$935,0,"$21,892"
4/14/2024,Sunday,$999,-$150,$212,1,"$22,104"
4/15/2024,Monday,"$2,401",-$600,$450,1,"$22,554"
4/16/2024,Tuesday,"$3,899","-$2,490",$352,1,"$22,907"
4/17/2024,Wednesday,"$6,213","-$4,990",$306,1,"$23,212"
4/18/2024,Thursday,"$1,892","-$2,875",-$246,0,"$22,967"
4/19/2024,Friday,"$3,069","-$1,800",$317,1,"$23,284"
4/20/2024,Saturday,"$7,700","-$5,190",$628,1,"$23,911"
4/21/2024,Sunday,"$1,161","-$2,400",-$310,0,"$23,602"
4/22/2024,Monday,"$1,376",$0,$344,1,"$23,946"
4/23/2024,Tuesday,"$2,613","-$5,040",-$607,0,"$23,339"
4/24/2024,Wednesday,"$6,669","-$4,040",$657,1,"$23,996"
4/25/2024,Thursday,"$1,559",$0,$390,1,"$24,386"
4/26/2024,Friday,"$3,422","-$1,890",$383,1,"$24,769"
4/27/2024,Saturday,"$6,741","-$19,720","-$3,245",0,"$21,524"
4/28/2024,Sunday,$468,$0,$117,1,"$21,641"
4/29/2024,Monday,$681,$0,$170,1,"$21,811"
4/30/2024,Tuesday,"$3,113","-$4,020",-$227,0,"$21,585"
5/1/2024,Wednesday,"$6,396","-$6,330",$17,1,"$21,601"
5/2/2024,Thursday,"$1,377","-$2,100",-$181,0,"$21,420"
5/3/2024,Friday,"$3,241","-$2,520",$180,1,"$21,601"
5/4/2024,Saturday,"$7,169","-$5,560",$402,1,"$22,003"
5/5/2024,Sunday,$505,-$600,-$24,0,"$21,979"
5/6/2024,Monday,"$1,692","-$1,500",$48,1,"$22,027"
5/7/2024,Tuesday,"$2,641","-$2,940",-$75,0,"$21,952"
5/8/2024,Wednesday,"$6,632","-$3,040",$898,1,"$22,850"
5/9/2024,Thursday,"$1,744",$0,$436,1,"$23,286"
5/10/2024,Friday,"$2,712","-$1,050",$416,1,"$23,702"
5/11/2024,Saturday,"$6,616","-$7,540",-$231,0,"$23,471"
5/12/2024,Sunday,$841,"-$1,800",-$240,0,"$23,231"
5/13/2024,Monday,$624,$0,$156,1,"$23,387"
5/14/2024,Tuesday,"$1,927","-$1,350",$144,1,"$23,531"
5/15/2024,Wednesday,"$6,479","-$2,940",$885,1,"$24,416"
5/16/2024,Thursday,"$1,138",-$150,$247,1,"$24,663"
5/17/2024,Friday,"$2,802",$0,$701,1,"$25,364"
5/18/2024,Saturday,"$7,087","-$2,920","$1,042",1,"$26,405"
5/19/2024,Sunday,$526,$0,$132,1,"$26,537"
5/20/2024,Monday,$754,-$300,$114,1,"$26,650"
5/21/2024,Tuesday,"$2,380",$0,$595,1,"$27,245"
5/22/2024,Wednesday,"$6,520","-$1,630","$1,223",1,"$28,468"
5/23/2024,Thursday,$928,-$450,$120,1,"$28,587"
5/24/2024,Friday,"$2,301",-$840,$365,1,"$28,953"
5/25/2024,Saturday,"$7,122","-$4,090",$758,1,"$29,711"
5/26/2024,Sunday,$683,$0,$171,1,"$29,881"
5/27/2024,Monday,"$1,130","-$2,100",-$243,0,"$29,639"
5/28/2024,Tuesday,"$2,327","-$1,785",$136,1,"$29,774"
5/29/2024,Wednesday,"$6,548","-$2,750",$950,1,"$30,724"
5/30/2024,Thursday,"$1,182","-$1,200",-$5,0,"$30,719"
5/31/2024,Friday,"$2,300",-$420,$470,1,"$31,189"
6/1/2024,Saturday,"$7,008","-$2,940","$1,017",1,"$32,206"
6/2/2024,Sunday,$348,$0,$87,1,"$32,293"
6/3/2024,Monday,$823,-$345,$120,1,"$32,413"
6/4/2024,Tuesday,"$2,107","-$1,890",$54,1,"$32,467"
6/5/2024,Wednesday,"$5,994","-$6,060",-$17,0,"$32,451"
6/6/2024,Thursday,$300,$0,$75,1,"$32,526"
6/7/2024,Friday,"$2,212","-$2,940",-$182,0,"$32,344"
6/8/2024,Saturday,"$6,367","-$6,340",$7,1,"$32,350"
6/9/2024,Sunday,"$1,223","-$2,400",-$294,0,"$32,056"
6/10/2024,Monday,$514,$0,$129,1,"$32,185"
6/11/2024,Tuesday,"$2,987","-$2,100",$222,1,"$32,406"
6/12/2024,Wednesday,"$6,478","-$3,340",$785,1,"$33,191"
6/13/2024,Thursday,$929,$0,$232,1,"$33,423"
6/14/2024,Friday,"$2,492",-$840,$413,1,"$33,836"
6/15/2024,Saturday,"$6,866",-$400,"$1,617",1,"$35,453"
6/16/2024,Sunday,$200,$0,$50,1,"$35,503"
6/17/2024,Monday,$918,"-$1,350",-$108,0,"$35,395"
6/18/2024,Tuesday,"$2,811","-$2,940",-$32,0,"$35,362"
6/19/2024,Wednesday,"$5,486","-$5,940",-$114,0,"$35,249"
6/20/2024,Thursday,"$1,201",$0,$300,1,"$35,549"
6/21/2024,Friday,"$3,096","-$3,300",-$51,0,"$35,498"
6/22/2024,Saturday,"$6,270","-$9,040",-$693,0,"$34,806"
6/23/2024,Sunday,$473,$0,$118,1,"$34,924"
6/24/2024,Monday,"$1,028","-$1,350",-$81,0,"$34,843"
6/25/2024,Tuesday,"$2,411",$0,$603,1,"$35,446"
6/26/2024,Wednesday,"$5,426",$0,"$1,357",1,"$36,803"
6/27/2024,Thursday,"$1,091",$0,$273,1,"$37,075"
6/28/2024,Friday,"$2,053",-$840,$303,1,"$37,379"
6/29/2024,Saturday,"$6,123","-$17,980","-$2,964",0,"$34,414"
6/30/2024,Sunday,$292,$0,$73,1,"$34,487"
7/1/2024,Monday,$591,$0,$148,1,"$34,635"
7/2/2024,Tuesday,"$1,920","-$1,260",$165,1,"$34,800"
7/3/2024,Wednesday,"$6,018","-$14,460","-$2,111",0,"$32,690"
7/4/2024,Thursday,$742,$0,$186,1,"$32,875"
7/5/2024,Friday,"$2,267","-$1,260",$252,1,"$33,127"
7/6/2024,Saturday,"$6,236","-$1,910","$1,082",1,"$34,208"
7/7/2024,Sunday,$238,$0,$60,1,"$34,268"
7/8/2024,Monday,$502,-$600,-$25,0,"$34,243"
7/9/2024,Tuesday,"$2,528","-$2,310",$55,1,"$34,298"
7/10/2024,Wednesday,"$5,724","-$3,100",$656,1,"$34,954"
7/11/2024,Thursday,$507,$0,$127,1,"$35,081"
7/12/2024,Friday,"$2,347","-$2,940",-$148,0,"$34,932"
7/13/2024,Saturday,"$6,329","-$4,390",$485,1,"$35,417"
7/14/2024,Sunday,$56,$0,$14,1,"$35,431"
7/15/2024,Monday,$607,$0,$152,1,"$35,583"
7/16/2024,Tuesday,"$2,554","-$4,440",-$472,0,"$35,111"
7/17/2024,Wednesday,"$5,740",-$420,"$1,330",1,"$36,441"
7/18/2024,Thursday,$522,$0,$131,1,"$36,572"
7/19/2024,Friday,"$2,387","-$1,260",$282,1,"$36,854"
7/20/2024,Saturday,"$6,470","-$1,080","$1,348",1,"$38,201"
7/21/2024,Sunday,$460,-$788,-$82,0,"$38,119"
7/22/2024,Monday,$524,$0,$131,1,"$38,250"
7/23/2024,Tuesday,"$2,145","-$2,940",-$199,0,"$38,051"
7/24/2024,Wednesday,"$5,638","-$5,320",$80,1,"$38,131"
7/25/2024,Thursday,$609,-$525,$21,1,"$38,152"
7/26/2024,Friday,"$2,365","-$4,440",-$519,0,"$37,633"
7/27/2024,Saturday,"$6,566","-$5,050",$379,1,"$38,012"
7/28/2024,Sunday,$465,-$30,$109,1,"$38,121"
7/29/2024,Monday,$524,"-$7,500","-$1,744",0,"$36,377"
7/30/2024,Tuesday,"$3,097","-$2,940",$39,1,"$36,416"
7/31/2024,Wednesday,"$6,521",-$830,"$1,423",1,"$37,839"
8/1/2024,Thursday,$603,$0,$151,1,"$37,990"
8/2/2024,Friday,"$2,362","-$1,545",$204,1,"$38,194"
8/3/2024,Saturday,"$7,185","-$5,750",$359,1,"$38,553"
8/4/2024,Sunday,$618,"-$1,500",-$221,0,"$38,332"
8/5/2024,Monday,"$1,014",$0,$254,1,"$38,586"
8/6/2024,Tuesday,"$2,431","-$1,050",$345,1,"$38,931"
8/7/2024,Wednesday,"$6,370","-$7,230",-$215,0,"$38,716"
8/8/2024,Thursday,"$1,727",$0,$432,1,"$39,148"
8/9/2024,Friday,"$2,431",-$600,$458,1,"$39,605"
8/10/2024,Saturday,"$5,995","-$15,270","-$2,319",0,"$37,287"
8/11/2024,Sunday,"$1,107",-$450,$164,1,"$37,451"
8/12/2024,Monday,"$1,438",$0,$360,1,"$37,810"
8/13/2024,Tuesday,"$3,457","-$4,440",-$246,0,"$37,565"
8/14/2024,Wednesday,"$7,436","-$3,440",$999,1,"$38,564"
8/15/2024,Thursday,"$1,444","-$1,500",-$14,0,"$38,550"
8/16/2024,Friday,"$3,956","-$2,940",$254,1,"$38,804"
8/17/2024,Saturday,"$8,256","-$20,450","-$3,049",0,"$35,755"
8/18/2024,Sunday,"$1,427",$0,$357,1,"$36,112"
8/19/2024,Monday,"$1,309",-$300,$252,1,"$36,364"
8/20/2024,Tuesday,"$3,991","-$2,995",$249,1,"$36,613"
8/21/2024,Wednesday,"$8,071","-$13,130","-$1,265",0,"$35,348"
8/22/2024,Thursday,$830,-$300,$133,1,"$35,481"
8/23/2024,Friday,"$3,684",-$960,$681,1,"$36,162"
8/24/2024,Saturday,"$8,954","-$3,520","$1,359",1,"$37,520"
8/25/2024,Sunday,$591,-$300,$73,1,"$37,593"
8/26/2024,Monday,"$1,732","-$5,100",-$842,0,"$36,751"
8/27/2024,Tuesday,"$4,080","-$4,140",-$15,0,"$36,736"
8/28/2024,Wednesday,"$8,012","-$2,940","$1,268",1,"$38,004"
8/29/2024,Thursday,"$1,135",$0,$284,1,"$38,288"
8/30/2024,Friday,"$3,554","-$2,955",$150,1,"$38,438"
8/31/2024,Saturday,"$8,441","-$4,340","$1,025",1,"$39,463"
9/1/2024,Sunday,$677,$0,$169,1,"$39,632"
9/2/2024,Monday,$888,$0,$222,1,"$39,854"
9/3/2024,Tuesday,"$3,268","-$3,090",$45,1,"$39,899"
9/4/2024,Wednesday,"$6,773","-$1,980","$1,198",1,"$41,097"
9/5/2024,Thursday,$864,-$300,$141,1,"$41,238"
9/6/2024,Friday,"$2,682","-$4,440",-$440,0,"$40,798"
9/7/2024,Saturday,"$7,843","-$4,340",$876,1,"$41,674"
9/8/2024,Sunday,$643,$0,$161,1,"$41,835"
9/9/2024,Monday,"$1,106",$0,$277,1,"$42,111"
9/10/2024,Tuesday,"$3,103","-$2,120",$246,1,"$42,357"
9/11/2024,Wednesday,"$7,413","-$2,640","$1,193",1,"$43,550"
9/12/2024,Thursday,$407,$0,$102,1,"$43,652"
9/13/2024,Friday,"$3,514","-$4,100",-$147,0,"$43,506"
9/14/2024,Saturday,"$6,676","-$4,660",$504,1,"$44,010"
9/15/2024,Sunday,$884,$0,$221,1,"$44,231"
9/16/2024,Monday,$873,$0,$218,1,"$44,449"
9/17/2024,Tuesday,"$2,562",-$870,$423,1,"$44,872"
9/18/2024,Wednesday,"$6,349","-$4,155",$549,1,"$45,420"
9/19/2024,Thursday,"$1,005","-$1,245",-$60,0,"$45,360"
9/20/2024,Friday,"$2,437","-$1,470",$242,1,"$45,602"
9/21/2024,Saturday,"$6,298","-$10,190",-$973,0,"$44,629"
9/22/2024,Sunday,$285,$0,$71,1,"$44,700"
9/23/2024,Monday,"$1,142",-$225,$229,1,"$44,930"
9/24/2024,Tuesday,"$2,472","-$3,878",-$352,0,"$44,578"
9/25/2024,Wednesday,"$6,617","-$4,190",$607,1,"$45,185"
9/26/2024,Thursday,"$1,231",-$900,$83,1,"$45,268"
9/27/2024,Friday,"$2,487","-$2,940",-$113,0,"$45,154"
9/28/2024,Saturday,"$6,265","-$3,640",$656,1,"$45,811"
9/29/2024,Sunday,$897,-$300,$149,1,"$45,960"
9/30/2024,Monday,"$1,163",$0,$291,1,"$46,251"
10/1/2024,Tuesday,"$2,940","-$2,550",$98,1,"$46,348"
10/2/2024,Wednesday,"$7,451","-$2,105","$1,337",1,"$47,685"
10/3/2024,Thursday,"$1,281",-$270,$253,1,"$47,937"
10/4/2024,Friday,"$3,424","-$2,940",$121,1,"$48,058"
10/5/2024,Saturday,"$7,748","-$3,330","$1,105",1,"$49,163"
10/6/2024,Sunday,$926,-$900,$7,1,"$49,169"
10/7/2024,Monday,"$1,928",$0,$482,1,"$49,651"
10/8/2024,Tuesday,"$3,547","-$3,585",-$10,0,"$49,642"
10/9/2024,Wednesday,"$6,932","-$3,230",$926,1,"$50,567"
10/10/2024,Thursday,"$1,049",-$700,$87,1,"$50,655"
10/11/2024,Friday,"$3,293",-$420,$718,1,"$51,373"
10/12/2024,Saturday,"$9,136","-$5,360",$944,1,"$52,317"
10/13/2024,Sunday,"$1,411","-$1,900",-$122,0,"$52,195"
10/14/2024,Monday,"$1,181","-$2,475",-$324,0,"$51,871"
10/15/2024,Tuesday,"$3,502","-$12,860","-$2,340",0,"$49,532"
10/16/2024,Wednesday,"$6,600",-$210,"$1,598",1,"$51,129"
10/17/2024,Thursday,"$1,488",$0,$372,1,"$51,501"
10/18/2024,Friday,"$4,240","-$1,890",$588,1,"$52,089"
10/19/2024,Saturday,"$7,709","-$16,140","-$2,108",0,"$49,981"
10/20/2024,Sunday,"$1,396","-$3,900",-$626,0,"$49,355"
10/21/2024,Monday,"$1,878","-$9,983","-$2,026",0,"$47,329"
10/22/2024,Tuesday,"$3,849","-$3,240",$152,1,"$47,481"
10/23/2024,Wednesday,"$7,320","-$55,700","-$12,095",0,"$35,386"
10/24/2024,Thursday,"$1,447",-$900,$137,1,"$35,523"
10/25/2024,Friday,"$2,586","-$1,000",$397,1,"$35,919"
10/26/2024,Saturday,"$7,665","-$11,710","-$1,011",0,"$34,908"
10/27/2024,Sunday,"$1,268","-$7,050","-$1,446",0,"$33,462"
10/28/2024,Monday,"$1,320",$0,$330,1,"$33,792"
10/29/2024,Tuesday,"$3,821","-$7,280",-$865,0,"$32,928"
10/30/2024,Wednesday,"$8,582","-$3,440","$1,286",1,"$34,213"
10/31/2024,Thursday,"$1,384",-$345,$260,1,"$34,473"
11/1/2024,Friday,"$3,967","-$1,960",$502,1,"$34,975"
11/2/2024,Saturday,"$8,754","-$9,440",-$172,0,"$34,803"
11/3/2024,Sunday,"$1,870",-$300,$393,1,"$35,196"
11/4/2024,Monday,"$1,514",$0,$379,1,"$35,574"
11/5/2024,Tuesday,"$3,321","-$2,528",$198,1,"$35,772"
11/6/2024,Wednesday,"$8,237","-$14,740","-$1,626",0,"$34,147"
11/7/2024,Thursday,"$1,945",-$300,$411,1,"$34,558"
11/8/2024,Friday,"$3,664","-$2,520",$286,1,"$34,844"
11/9/2024,Saturday,"$8,437","-$22,920","-$3,621",0,"$31,223"
11/10/2024,Sunday,"$1,890","-$4,050",-$540,0,"$30,683"
11/11/2024,Monday,"$1,888",$0,$472,1,"$31,155"
11/12/2024,Tuesday,"$3,417",-$630,$697,1,"$31,852"
11/13/2024,Wednesday,"$8,761","-$48,340","-$9,895",0,"$21,957"
11/14/2024,Thursday,"$1,862",$0,$466,1,"$22,423"
11/15/2024,Friday,"$4,236","-$3,128",$277,1,"$22,700"
11/16/2024,Saturday,"$9,116","-$14,540","-$1,356",0,"$21,344"
11/17/2024,Sunday,"$1,353",-$975,$95,1,"$21,438"
11/18/2024,Monday,"$2,342","-$1,975",$92,1,"$21,530"
11/19/2024,Tuesday,"$2,788","-$4,450",-$416,0,"$21,114"
11/20/2024,Wednesday,"$7,910","-$18,738","-$2,707",0,"$18,407"
11/21/2024,Thursday,"$2,590","-$3,250",-$165,0,"$18,242"
11/22/2024,Friday,"$4,191","-$2,370",$455,1,"$18,698"
11/23/2024,Saturday,"$9,276","-$5,260","$1,004",1,"$19,702"
11/24/2024,Sunday,"$1,979","-$3,015",-$259,0,"$19,443"
11/25/2024,Monday,"$2,273","-$1,350",$231,1,"$19,673"
11/26/2024,Tuesday,"$2,688","-$1,425",$316,1,"$19,989"
11/27/2024,Wednesday,"$7,250","-$4,800",$613,1,"$20,602"
11/28/2024,Thursday,"$1,365",-$180,$296,1,"$20,898"
11/29/2024,Friday,"$2,975","-$1,400",$394,1,"$21,292"
11/30/2024,Saturday,"$7,879","-$2,940","$1,235",1,"$22,526"
12/1/2024,Sunday,"$1,298","-$4,500",-$801,0,"$21,726"
12/2/2024,Monday,"$1,875","-$4,500",-$656,0,"$21,070"
12/3/2024,Tuesday,"$3,698","-$1,500",$550,1,"$21,619"
12/4/2024,Wednesday,"$8,874","-$10,330",-$364,0,"$21,255"
12/5/2024,Thursday,"$2,605",-$945,$415,1,"$21,670"
12/6/2024,Friday,"$3,546","-$2,350",$299,1,"$21,969"
12/7/2024,Saturday,"$7,456","-$15,890","-$2,109",0,"$19,861"
12/8/2024,Sunday,"$1,307",$0,$327,1,"$20,187"
12/9/2024,Monday,"$2,615","-$1,500",$279,1,"$20,466"
12/10/2024,Tuesday,"$2,864",-$210,$664,1,"$21,130"
12/11/2024,Wednesday,"$7,990","-$1,520","$1,618",1,"$22,747"
12/12/2024,Thursday,"$2,147","-$3,950",-$451,0,"$22,296"
12/13/2024,Friday,"$3,404","-$2,100",$326,1,"$22,622"
12/14/2024,Saturday,"$8,270","-$13,660","-$1,348",0,"$21,275"
12/15/2024,Sunday,"$2,104",-$900,$301,1,"$21,576"
12/16/2024,Monday,"$1,426",-$45,$345,1,"$21,921"
12/17/2024,Tuesday,"$2,977","-$4,040",-$266,0,"$21,655"
12/18/2024,Wednesday,"$7,630","-$1,050","$1,645",1,"$23,300"
12/19/2024,Thursday,"$1,589","-$3,094",-$376,0,"$22,924"
12/20/2024,Friday,"$2,387","-$3,240",-$213,0,"$22,711"
12/21/2024,Saturday,"$8,157","-$1,590","$1,642",1,"$24,353"
12/22/2024,Sunday,"$1,572","-$1,800",-$57,0,"$24,296"
12/23/2024,Monday,"$1,954",$0,$489,1,"$24,784"
12/24/2024,Tuesday,"$2,738",-$840,$475,1,"$25,259"
12/25/2024,Wednesday,"$9,305","-$8,080",$306,1,"$25,565"
12/26/2024,Thursday,"$1,900","-$1,200",$175,1,"$25,740"
12/27/2024,Friday,"$4,370","-$2,550",$455,1,"$26,195"
12/28/2024,Saturday,"$8,881","-$26,640","-$4,440",0,"$21,755"
12/29/2024,Sunday,"$2,207","-$2,233",-$7,0,"$21,749"
12/30/2024,Monday,"$2,784","-$1,500",$321,1,"$22,070"
12/31/2024,Tuesday,"$3,778","-$2,940",$210,1,"$22,279"
1/1/2025,Wednesday,"$5,635","-$3,670",$491,1,"$22,770"
1/2/2025,Thursday,"$1,344",-$150,$299,1,"$23,069"
1/3/2025,Friday,"$2,716","-$2,520",$49,1,"$23,118"
1/4/2025,Saturday,"$6,604","-$9,370",-$692,0,"$22,426"
1/5/2025,Sunday,"$1,812","-$1,500",$78,1,"$22,504"
1/6/2025,Monday,"$1,395",$0,$349,1,"$22,853"
1/7/2025,Tuesday,"$3,119",$0,$780,1,"$23,633"
1/8/2025,Wednesday,"$6,943","-$21,640","-$3,674",0,"$19,959"
1/9/2025,Thursday,"$2,200","-$1,500",$175,1,"$20,134"
1/10/2025,Friday,"$3,577","-$3,870",-$73,0,"$20,060"
1/11/2025,Saturday,"$7,762","-$1,825","$1,484",1,"$21,545"
1/12/2025,Sunday,"$1,177","-$3,000",-$456,0,"$21,089"
1/13/2025,Monday,"$2,424","-$4,500",-$519,0,"$20,570"
1/14/2025,Tuesday,"$3,919","-$2,520",$350,1,"$20,920"
1/15/2025,Wednesday,"$6,621","-$3,995",$657,1,"$21,576"
1/16/2025,Thursday,"$1,149",-$600,$137,1,"$21,713"
1/17/2025,Friday,"$3,457","-$2,520",$234,1,"$21,948"
1/18/2025,Saturday,"$6,896","-$2,520","$1,094",1,"$23,042"
1/19/2025,Sunday,"$1,184",$0,$296,1,"$23,338"
1/20/2025,Monday,"$1,506","-$1,200",$77,1,"$23,414"
1/21/2025,Tuesday,"$2,870","-$1,200",$418,1,"$23,832"
1/22/2025,Wednesday,"$7,428","-$8,360",-$233,0,"$23,599"
1/23/2025,Thursday,"$1,646",-$350,$324,1,"$23,923"
1/24/2025,Friday,"$3,028","-$1,785",$311,1,"$24,233"
1/25/2025,Saturday,"$8,590","-$5,350",$810,1,"$25,043"
1/26/2025,Sunday,$698,$0,$175,1,"$25,218"
1/27/2025,Monday,"$1,415",$0,$354,1,"$25,572"
1/28/2025,Tuesday,"$3,068","-$3,120",-$13,0,"$25,559"
1/29/2025,Wednesday,"$7,840","-$3,980",$965,1,"$26,524"
1/30/2025,Thursday,"$1,160","-$1,500",-$85,0,"$26,439"
1/31/2025,Friday,"$3,216",-$210,$752,1,"$27,190"
2/1/2025,Saturday,"$7,102",-$575,"$1,632",1,"$28,822"
2/2/2025,Sunday,$688,"-$6,000","-$1,328",0,"$27,494"
2/3/2025,Monday,"$2,088",-$600,$372,1,"$27,866"
2/4/2025,Tuesday,"$3,649","-$3,120",$132,1,"$27,998"
2/5/2025,Wednesday,"$7,260","-$16,610","-$2,338",0,"$25,661"
2/6/2025,Thursday,"$1,693","-$7,523","-$1,458",0,"$24,203"
2/7/2025,Friday,"$3,575","-$12,210","-$2,159",0,"$22,044"
2/8/2025,Saturday,"$7,046","-$10,610",-$891,0,"$21,153"
2/9/2025,Sunday,$996,"-$1,800",-$201,0,"$20,952"
2/10/2025,Monday,"$1,422","-$2,400",-$245,0,"$20,708"
2/11/2025,Tuesday,"$2,827","-$4,020",-$298,0,"$20,410"
2/12/2025,Wednesday,"$7,638","-$15,730","-$2,023",0,"$18,387"
2/13/2025,Thursday,"$1,220","-$1,500",-$70,0,"$18,317"
2/14/2025,Friday,"$2,986","-$2,520",$117,1,"$18,433"
2/15/2025,Saturday,"$6,956","-$8,920",-$491,0,"$17,942"
2/16/2025,Sunday,"$1,109",$0,$277,1,"$18,219"
2/17/2025,Monday,"$1,271",$0,$318,1,"$18,537"
2/18/2025,Tuesday,"$2,373","-$2,273",$25,1,"$18,562"
2/19/2025,Wednesday,"$6,841",-$600,"$1,560",1,"$20,122"
2/20/2025,Thursday,"$1,099","-$2,700",-$400,0,"$19,722"
2/21/2025,Friday,"$3,305","-$2,520",$196,1,"$19,918"
2/22/2025,Saturday,"$6,592","-$2,810",$946,1,"$20,864"
2/23/2025,Sunday,$750,$0,$188,1,"$21,051"
2/24/2025,Monday,$597,$0,$149,1,"$21,201"
2/25/2025,Tuesday,"$2,438","-$1,470",$242,1,"$21,443"
2/26/2025,Wednesday,"$6,912","-$7,720",-$202,0,"$21,241"
2/27/2025,Thursday,$951,"-$2,400",-$362,0,"$20,878"
2/28/2025,Friday,"$2,426","-$1,710",$179,1,"$21,057"
3/1/2025,Saturday,"$6,665","-$7,660",-$249,0,"$20,809"
3/2/2025,Sunday,$961,$0,$240,1,"$21,049"
3/3/2025,Monday,$877,-$150,$182,1,"$21,231"
3/4/2025,Tuesday,"$2,381","-$1,770",$153,1,"$21,383"
3/5/2025,Wednesday,"$4,681","-$2,410",$568,1,"$21,951"
3/6/2025,Thursday,$868,-$900,-$8,0,"$21,943"
3/7/2025,Friday,"$2,418",-$150,$567,1,"$22,510"
3/8/2025,Saturday,"$6,170","-$4,133",$509,1,"$23,019"
3/9/2025,Sunday,$760,$0,$190,1,"$23,209"
3/10/2025,Monday,$713,$0,$178,1,"$23,388"
3/11/2025,Tuesday,"$1,921","-$1,485",$109,1,"$23,497"
3/12/2025,Wednesday,"$5,098","-$3,000",$525,1,"$24,021"
3/13/2025,Thursday,$920,"-$6,750","-$1,458",0,"$22,564"
3/14/2025,Friday,"$2,464","-$1,920",$136,1,"$22,700"
3/15/2025,Saturday,"$5,914","-$6,500",-$147,0,"$22,553"
3/16/2025,Sunday,$731,"-$4,575",-$961,0,"$21,592"
3/17/2025,Monday,"$2,699",$0,$337,1,"$21,930"
3/18/2025,Tuesday,"$4,273","-$12,740","-$1,058",0,"$20,871"
3/19/2025,Wednesday,"$8,982","-$4,030",$619,1,"$21,490"
3/20/2025,Thursday,"$1,930",-$600,$166,1,"$21,656"
3/21/2025,Friday,"$3,666","-$3,300",$46,1,"$21,702"
3/22/2025,Saturday,"$9,885","-$12,220",-$292,0,"$21,410"
3/23/2025,Sunday,"$1,811",$0,$226,1,"$21,637"
3/24/2025,Monday,"$2,023",$0,$253,1,"$21,890"
3/25/2025,Tuesday,"$3,650","-$4,830",-$148,0,"$21,742"
3/26/2025,Wednesday,"$9,558","-$6,840",$340,1,"$22,082"
3/27/2025,Thursday,"$1,473","-$6,300",-$603,0,"$21,478"
3/28/2025,Friday,"$4,529","-$3,570",$120,1,"$21,598"
3/29/2025,Saturday,"$9,886","-$2,300",$948,1,"$22,547"
3/30/2025,Sunday,"$1,901",-$900,$125,1,"$22,672"
3/31/2025,Monday,"$1,984",$0,$248,1,"$22,920"
4/1/2025,Tuesday,"$4,677","-$3,360",$165,1,"$23,084"
4/2/2025,Wednesday,"$8,865","-$25,250","-$2,048",0,"$21,036"
4/3/2025,Thursday,"$2,279",-$450,$229,1,"$21,265"
4/4/2025,Friday,"$6,167","-$6,720",-$69,0,"$21,196"
4/5/2025,Saturday,"$10,695","-$3,760",$867,1,"$22,063"
4/6/2025,Sunday,"$2,237","-$4,200",-$245,0,"$21,817"
4/7/2025,Monday,"$2,059","-$4,800",-$343,0,"$21,475"
4/8/2025,Tuesday,"$4,667","-$8,550",-$485,0,"$20,989"
4/9/2025,Wednesday,"$9,672","-$7,850",$228,1,"$21,217"
4/10/2025,Thursday,"$2,435",$0,$304,1,"$21,521"
4/11/2025,Friday,"$7,259","-$1,260",$750,1,"$22,271"
4/12/2025,Saturday,"$12,230","-$1,680","$1,319",1,"$23,590"
4/13/2025,Sunday,"$2,313",$0,$289,1,"$23,879"
4/14/2025,Monday,"$1,834",$0,$229,1,"$24,108"
4/15/2025,Tuesday,"$5,316","-$6,600",-$161,0,"$23,948"
4/16/2025,Wednesday,"$9,960","-$7,650",$289,1,"$24,237"
4/17/2025,Thursday,"$2,251",$0,$281,1,"$24,518"
4/18/2025,Friday,"$4,785","-$3,510",$159,1,"$24,677"
4/19/2025,Saturday,"$9,716","-$13,470",-$469,0,"$24,208"
4/20/2025,Sunday,"$2,037",$0,$255,1,"$24,463"
4/21/2025,Monday,"$2,342",$0,$293,1,"$24,755"
4/22/2025,Tuesday,"$3,926",-$630,$412,1,"$25,167"
4/23/2025,Wednesday,"$8,811","-$4,830",$498,1,"$25,665"
4/24/2025,Thursday,"$1,905",-$600,$163,1,"$25,828"
4/25/2025,Friday,"$4,228",$0,$529,1,"$26,357"
4/26/2025,Saturday,"$9,498","-$6,000",$437,1,"$26,794"
4/27/2025,Sunday,"$1,303",-$600,$88,1,"$26,882"
4/28/2025,Monday,"$1,466",-$600,$108,1,"$26,990"
4/29/2025,Tuesday,"$4,012","-$4,860",-$106,0,"$26,884"
4/30/2025,Wednesday,"$8,898","-$19,020","-$1,265",0,"$25,619"
5/1/2025,Thursday,$0,$0,$0,0,"$25,619"
5/2/2025,Friday,"$3,615","-$2,520",$274,1,"$25,893"
5/3/2025,Saturday,"$9,678",$0,"$1,210",1,"$27,102"
5/4/2025,Sunday,"$1,010",,$126,1,"$27,229"
5/5/2025,Monday,"$1,660",$0,$415,1,"$27,644"
5/6/2025,Tuesday,"$2,561","-$3,450",-$222,0,"$27,421"
5/7/2025,Wednesday,"$7,818","-$3,900",$490,1,"$27,911"
5/8/2025,Thursday,"$1,221",-$600,$155,1,"$28,066"
5/9/2025,Friday,"$2,898","-$2,520",$95,1,"$28,161"
5/10/2025,Saturday,"$8,855","-$7,110",$218,1,"$28,379"
5/11/2025,Sunday,"$1,336",$0,$167,1,"$28,546"
5/12/2025,Monday,"$1,312",$0,$328,1,"$28,874"
5/13/2025,Tuesday,"$2,247","-$2,520",-$68,0,"$28,806"
5/14/2025,Wednesday,"$7,419","-$35,670","-$3,531",0,"$25,274"
5/15/2025,Thursday,$784,$0,$196,1,"$25,470"
5/16/2025,Friday,"$2,704","-$2,520",$46,1,"$25,516"
5/17/2025,Saturday,"$7,137","-$2,550",$573,1,"$26,090"
5/18/2025,Sunday,"$1,480",$0,$185,1,"$26,275"
5/19/2025,Monday,$642,$0,$161,1,"$26,435"
5/20/2025,Tuesday,"$2,478","-$6,420",-$986,0,"$25,450"
5/21/2025,Wednesday,"$7,389","-$1,050",$792,1,"$26,242"
5/22/2025,Thursday,"$1,023",$0,$256,1,"$26,498"
5/23/2025,Friday,"$3,088","-$1,890",$300,1,"$26,797"
5/24/2025,Saturday,"$8,839","-$19,580","-$1,343",0,"$25,455"
5/25/2025,Sunday,$583,$0,$73,1,"$25,528"
5/26/2025,Monday,"$1,332","-$1,050",$71,1,"$25,598"
5/27/2025,Tuesday,"$2,494",-$420,$519,1,"$26,117"
5/28/2025,Wednesday,"$7,291","-$11,550",-$532,0,"$25,584"
5/29/2025,Thursday,"$1,268",$0,$317,1,"$25,901"
5/30/2025,Friday,"$2,686","-$3,360",-$169,0,"$25,733"
5/31/2025,Saturday,"$8,781","-$4,380",$550,1,"$26,283"
6/1/2025,Sunday,"$1,159",$0,$145,1,"$26,428"
6/2/2025,Monday,"$1,028",$0,$257,1,"$26,685"
6/3/2025,Tuesday,"$2,435",$0,$609,1,"$27,293"
6/4/2025,Wednesday,"$8,868","-$1,050",$977,1,"$28,271"
6/5/2025,Thursday,"$1,339",$0,$335,1,"$28,605"
6/6/2025,Friday,"$3,263",$0,$816,1,"$29,421"
6/7/2025,Saturday,"$11,620","-$10,540",$135,1,"$29,556"
6/8/2025,Sunday,"$1,416",-$450,$121,1,"$29,677"
6/9/2025,Monday,"$1,459",-$600,$215,1,"$29,892"
6/10/2025,Tuesday,"$2,708","-$1,050",$415,1,"$30,306"
6/11/2025,Wednesday,"$9,055","-$4,900",$519,1,"$30,826"
6/12/2025,Thursday,"$1,282",$0,$321,1,"$31,146"
6/13/2025,Friday,"$3,303","-$2,520",$196,1,"$31,342"
6/14/2025,Saturday,"$10,473","-$6,670",$475,1,"$31,817"
6/15/2025,Sunday,$761,$0,$95,1,"$31,912"
6/16/2025,Monday,"$1,499",$0,$375,1,"$32,287"
6/17/2025,Tuesday,"$2,439",-$420,$505,1,"$32,792"
6/18/2025,Wednesday,"$10,772","-$9,000",$222,1,"$33,013"
6/19/2025,Thursday,"$1,023",$0,$256,1,"$33,269"
6/20/2025,Friday,"$2,951","-$1,050",$475,1,"$33,744"
6/21/2025,Saturday,"$11,698","-$9,120",$322,1,"$34,067"
6/22/2025,Sunday,"$1,297",$0,$162,1,"$34,229"
6/23/2025,Monday,"$1,549","-$1,050",$125,1,"$34,353"
6/24/2025,Tuesday,"$2,606","-$5,310",-$676,0,"$33,677"
6/25/2025,Wednesday,"$11,067","-$1,300","$1,221",1,"$34,898"
6/26/2025,Thursday,"$1,916",$0,$479,1,"$35,377"
6/27/2025,Friday,"$2,256",$0,$564,1,"$35,941"
6/28/2025,Saturday,"$9,453","-$6,775",$335,1,"$36,276"
6/29/2025,Sunday,$638,$0,$80,1,"$36,356"
6/30/2025,Monday,"$1,078",$0,$270,1,"$36,625"
7/1/2025,Tuesday,"$1,987",$0,$497,1,"$37,122"
7/2/2025,Wednesday,"$6,326","-$5,880",$56,1,"$37,178"
7/3/2025,Thursday,$490,$0,$123,1,"$37,300"
7/4/2025,Friday,"$2,327","-$2,520",-$48,0,"$37,252"
7/5/2025,Saturday,"$7,070","-$4,200",$359,1,"$37,611"
7/6/2025,Sunday,$361,$0,$45,1,"$37,656"
7/7/2025,Monday,"$1,013",$0,$253,1,"$37,909"
7/8/2025,Tuesday,"$3,234","-$3,680",-$112,0,"$37,798"
7/9/2025,Wednesday,"$5,859",-$920,$617,1,"$38,415"
7/10/2025,Thursday,$867,$0,$217,1,"$38,632"
7/11/2025,Friday,"$2,368","-$2,520",-$38,0,"$38,594"
7/12/2025,Saturday,"$7,465","-$8,730",-$158,0,"$38,436"
7/13/2025,Sunday,$571,$0,$71,1,"$38,507"
7/14/2025,Monday,"$1,242",-$600,$161,1,"$38,668"
7/15/2025,Tuesday,"$2,543","-$2,520",$6,1,"$38,673"
7/16/2025,Wednesday,"$7,111","-$1,090",$753,1,"$39,426"
7/17/2025,Thursday,"$1,703",$0,$426,1,"$39,852"
7/18/2025,Friday,"$2,402",-$630,$443,1,"$40,295"
7/19/2025,Saturday,"$7,012","-$13,080",-$759,0,"$39,536"
7/20/2025,Sunday,"$1,082","-$4,500",-$427,0,"$39,109"
7/21/2025,Monday,"$1,360","-$1,050",$78,1,"$39,186"
7/22/2025,Tuesday,"$2,536",-$420,$529,1,"$39,715"
7/23/2025,Wednesday,"$6,458","-$4,500",$245,1,"$39,960"
7/24/2025,Thursday,$937,"-$1,350",-$103,0,"$39,857"
7/25/2025,Friday,"$2,348","-$6,420","-$1,018",0,"$38,839"
7/26/2025,Saturday,"$7,665","-$8,070",-$51,0,"$38,788"
7/27/2025,Sunday,$819,$0,$102,1,"$38,891"
7/28/2025,Monday,$910,$0,$228,1,"$39,118"
7/29/2025,Tuesday,"$1,972","-$1,260",$178,1,"$39,296"
7/30/2025,Wednesday,"$7,139","-$24,530","-$2,174",0,"$37,122"
7/31/2025,Thursday,"$1,362","-$5,250",-$972,0,"$36,150"
8/1/2025,Friday,"$2,586","-$2,520",$17,1,"$36,167"
8/2/2025,Saturday,"$8,046",-$500,$943,1,"$37,110"
8/3/2025,Sunday,"$1,191",-$300,$111,1,"$37,221"
8/4/2025,Monday,$825,"-$1,650",-$206,0,"$37,015"
8/5/2025,Tuesday,"$1,734",-$300,$359,1,"$37,374"
8/6/2025,Wednesday,"$6,058","-$3,000",$382,1,"$37,756"
8/7/2025,Thursday,$736,-$75,$165,1,"$37,921"
8/8/2025,Friday,"$2,397","-$6,000",-$901,0,"$37,020"
8/9/2025,Saturday,"$7,042","-$1,720",$665,1,"$37,686"
8/10/2025,Sunday,$399,-$300,$12,1,"$37,698"
8/11/2025,Monday,$856,$0,$214,1,"$37,912"
8/12/2025,Tuesday,"$2,359","-$3,520",-$290,0,"$37,622"
8/13/2025,Wednesday,"$7,351","-$17,500","-$1,269",0,"$36,353"
8/14/2025,Thursday,$734,$0,$184,1,"$36,537"
8/15/2025,Friday,"$2,264","-$2,520",-$64,0,"$36,473"
8/16/2025,Saturday,"$7,285","-$18,630","-$1,418",0,"$35,055"
8/17/2025,Sunday,$682,$0,$85,1,"$35,140"
8/18/2025,Monday,$764,$0,$191,1,"$35,331"
8/19/2025,Tuesday,"$2,500",,$625,1,"$35,956"
8/20/2025,Wednesday,"$6,612","-$1,680",$617,1,"$36,572"
8/21/2025,Thursday,$988,$0,$247,1,"$36,819"
8/22/2025,Friday,"$2,059","-$2,100",-$10,0,"$36,809"
8/23/2025,Saturday,"$7,453","-$15,930","-$1,060",0,"$35,749"
8/24/2025,Sunday,$607,"-$6,000",-$674,0,"$35,075"
8/25/2025,Monday,$432,$0,$108,1,"$35,183"
8/26/2025,Tuesday,"$2,255","-$1,200",$264,1,"$35,447"
8/27/2025,Wednesday,"$7,372",-$420,$869,1,"$36,316"
8/28/2025,Thursday,"$1,004",$0,$251,1,"$36,567"
8/29/2025,Friday,"$2,575",$0,$644,1,"$37,211"
8/30/2025,Saturday,"$7,225","-$22,860","-$1,954",0,"$35,256"
8/31/2025,Sunday,$821,$0,$103,1,"$35,359"
9/1/2025,Monday,,,,0,"$35,359"
9/2/2025,Tuesday,,,,0,"$35,359"
9/3/2025,Wednesday,,,,0,"$35,359"
9/4/2025,Thursday,,,,0,"$35,359"
9/5/2025,Friday,,,,0,"$35,359"
9/6/2025,Saturday,,,,0,"$35,359"
9/7/2025,Sunday,,,,0,"$35,359"